Workbook

Sheet Student_Data
I1: Que 11. | J1: Que 12. | K1: Ques 13. | L1: Que 14. | M1: Que 15. | N1: Que 16. | O1: Que 17. | P1: Que 18. | R1: Que 36. | AK1: Que 41.
A2: Student ID | B2: Name | C2: Age | D2: Course | E2: City | F2: Marks | G2: Attendance % | H2: Fees Paid | I2: Exam Eligibility | J2: Fees Reminder | K2: Hostel Eligibility | L2: Adult Status | M2: Placement Training | N2: Student Category | O2: Priority Level | P2: Counselling Required | T2: Student ID | U2: Name | V2: Age | W2: Course | X2: City | Y2: Marks | Z2: Attendance % | AA2: Fees Paid | AB2: Exam Eligibility | AC2: Fees Reminder | AD2: Hostel Eligibility | AE2: Adult Status | AF2: Placement Training | AG2: Student Category | AH2: Priority Level | AI2: Counselling Required | AK2: Remove Duplicate | AL2: Student ID | AM2: Name | AN2: Age | AO2: Course | AP2: City | AQ2: Marks | AR2: Attendance % | AS2: Fees Paid | AT2: Exam Eligibility | AU2: Fees Reminder | AV2: Hostel Eligibility | AW2: Adult Status | AX2: Placement Training | AY2: Student Category | AZ2: Priority Level | BA2: Counselling Required
A3: S101 | B3: Aman | C3: 21 | D3: MCA | E3: Pune | F3: 85 | G3: 92 | H3: Yes | I3: =IF(AND(G3>= 75, H3 = "Yes"),"Eligible","Not Eligible") -> Eligible | J3: =IF(H3 = "Yes","No Reminder","Send Reminder") -> No Reminder | K3: =IF(E3 = "Pune","Local","Hostel Candidate") -> Local | L3: =IF(C3 >= 21, "Adult","Minor") -> Adult | M3: =IF(G3>=85,"Eligible", "Not Eligible") -> Eligible | N3: =IF(G3 >= 90, "Excellent",IF(G3 >= 80,"Good",IF(G3 >=70,"Average","Poor"))) -> Excellent | O3: =IF(AND(H3 = "Yes", G3 >= 90),"High",IF(H3 = "Yes","Medium","Low")) -> High | P3: =IF(G3<=70,"Yes",IF(G3<=80,"Maybe",IF(G3>80,"No"))) -> No | Q3: Course | R3: MCA | T3: {=_xlfn._xlws.FILTER(A3:P14,D3:D14=R3,"Value Not Found")} -> S101 | U3: Aman | V3: 21 | W3: MCA | X3: Pune | Y3: 85 | Z3: 92 | AA3: Yes | AB3: Eligible | AC3: No Reminder | AD3: Local | AE3: Adult | AF3: Eligible | AG3: Excellent | AH3: High | AI3: No | AK3: student records | AL3: S101 | AM3: Aman | AN3: 21 | AO3: MCA | AP3: Pune | AQ3: 85 | AR3: 92 | AS3: Yes | AT3: =IF(AND(AR3>= 75, AS3 = "Yes"),"Eligible","Not Eligible") -> Eligible | AU3: =IF(AS3 = "Yes","No Reminder","Send Reminder") -> No Reminder | AV3: =IF(AP3 = "Pune","Local","Hostel Candidate") -> Local | AW3: =IF(AN3 >= 21, "Adult","Minor") -> Adult | AX3: =IF(AR3>=85,"Eligible", "Not Eligible") -> Eligible | AY3: =IF(AR3 >= 90, "Excellent",IF(AR3 >= 80,"Good",IF(AR3 >=70,"Average","Poor"))) -> Excellent | AZ3: =IF(AND(AS3 = "Yes", AR3 >= 90),"High",IF(AS3 = "Yes","Medium","Low")) -> High | BA3: =IF(AR3<=70,"Yes",IF(AR3<=80,"Maybe",IF(AR3>80,"No"))) -> No
A4: S102 | B4: Priya | C4: 22 | D4: MCA | E4: Mumbai | F4: 45 | G4: 70 | H4: No | I4: =IF(AND(G4>= 75, H4 = "Yes"),"Eligible","Not Eligible") -> Not Eligible | J4: =IF(H4 = "Yes","No Reminder","Send Reminder") -> Send Reminder | K4: =IF(E4 = "Pune","Local","Hostel Candidate") -> Hostel Candidate | L4: =IF(C4 >= 21, "Adult","Minor") -> Adult | M4: =IF(G4>=85,"Eligible", "Not Eligible") -> Not Eligible | N4: =IF(G4 >= 90, "Excellent",IF(G4 >= 80,"Good",IF(G4 >=70,"Average","Poor"))) -> Average | O4: =IF(AND(H4 = "Yes", G4 >= 90),"High",IF(H4 = "Yes","Medium","Low")) -> Low | P4: =IF(G4<=70,"Yes",IF(G4<=80,"Maybe",IF(G4>80,"No"))) -> Yes | T4: S102 | U4: Priya | V4: 22 | W4: MCA | X4: Mumbai | Y4: 45 | Z4: 70 | AA4: No | AB4: Not Eligible | AC4: Send Reminder | AD4: Hostel Candidate | AE4: Adult | AF4: Not Eligible | AG4: Average | AH4: Low | AI4: Yes | AL4: S102 | AM4: Priya | AN4: 22 | AO4: MCA | AP4: Mumbai | AQ4: 45 | AR4: 70 | AS4: No | AT4: =IF(AND(AR4>= 75, AS4 = "Yes"),"Eligible","Not Eligible") -> Not Eligible | AU4: =IF(AS4 = "Yes","No Reminder","Send Reminder") -> Send Reminder | AV4: =IF(AP4 = "Pune","Local","Hostel Candidate") -> Hostel Candidate | AW4: =IF(AN4 >= 21, "Adult","Minor") -> Adult | AX4: =IF(AR4>=85,"Eligible", "Not Eligible") -> Not Eligible | AY4: =IF(AR4 >= 90, "Excellent",IF(AR4 >= 80,"Good",IF(AR4 >=70,"Average","Poor"))) -> Average | AZ4: =IF(AND(AS4 = "Yes", AR4 >= 90),"High",IF(AS4 = "Yes","Medium","Low")) -> Low | BA4: =IF(AR4<=70,"Yes",IF(AR4<=80,"Maybe",IF(AR4>80,"No"))) -> Yes
A5: S103 | B5: Rohit | C5: 23 | D5: MCA | E5: Nashik | F5: 78 | G5: 88 | H5: Yes | I5: =IF(AND(G5>= 75, H5 = "Yes"),"Eligible","Not Eligible") -> Eligible | J5: =IF(H5 = "Yes","No Reminder","Send Reminder") -> No Reminder | K5: =IF(E5 = "Pune","Local","Hostel Candidate") -> Hostel Candidate | L5: =IF(C5 >= 21, "Adult","Minor") -> Adult | M5: =IF(G5>=85,"Eligible", "Not Eligible") -> Eligible | N5: =IF(G5 >= 90, "Excellent",IF(G5 >= 80,"Good",IF(G5 >=70,"Average","Poor"))) -> Good | O5: =IF(AND(H5 = "Yes", G5 >= 90),"High",IF(H5 = "Yes","Medium","Low")) -> Medium | P5: =IF(G5<=70,"Yes",IF(G5<=80,"Maybe",IF(G5>80,"No"))) -> No | T5: S103 | U5: Rohit | V5: 23 | W5: MCA | X5: Nashik | Y5: 78 | Z5: 88 | AA5: Yes | AB5: Eligible | AC5: No Reminder | AD5: Hostel Candidate | AE5: Adult | AF5: Eligible | AG5: Good | AH5: Medium | AI5: No | AK5: Que 42. | AL5: S103 | AM5: Rohit | AN5: 23 | AO5: MCA | AP5: Nashik | AQ5: 78 | AR5: 88 | AS5: Yes | AT5: =IF(AND(AR5>= 75, AS5 = "Yes"),"Eligible","Not Eligible") -> Eligible | AU5: =IF(AS5 = "Yes","No Reminder","Send Reminder") -> No Reminder | AV5: =IF(AP5 = "Pune","Local","Hostel Candidate") -> Hostel Candidate | AW5: =IF(AN5 >= 21, "Adult","Minor") -> Adult | AX5: =IF(AR5>=85,"Eligible", "Not Eligible") -> Eligible | AY5: =IF(AR5 >= 90, "Excellent",IF(AR5 >= 80,"Good",IF(AR5 >=70,"Average","Poor"))) -> Good | AZ5: =IF(AND(AS5 = "Yes", AR5 >= 90),"High",IF(AS5 = "Yes","Medium","Low")) -> Medium | BA5: =IF(AR5<=70,"Yes",IF(AR5<=80,"Maybe",IF(AR5>80,"No"))) -> No
A6: S104 | B6: Neha | C6: 20 | D6: MCA | E6: Pune | F6: 91 | G6: 96 | H6: Yes | I6: =IF(AND(G6>= 75, H6 = "Yes"),"Eligible","Not Eligible") -> Eligible | J6: =IF(H6 = "Yes","No Reminder","Send Reminder") -> No Reminder | K6: =IF(E6 = "Pune","Local","Hostel Candidate") -> Local | L6: =IF(C6 >= 21, "Adult","Minor") -> Minor | M6: =IF(G6>=85,"Eligible", "Not Eligible") -> Eligible | N6: =IF(G6 >= 90, "Excellent",IF(G6 >= 80,"Good",IF(G6 >=70,"Average","Poor"))) -> Excellent | O6: =IF(AND(H6 = "Yes", G6 >= 90),"High",IF(H6 = "Yes","Medium","Low")) -> High | P6: =IF(G6<=70,"Yes",IF(G6<=80,"Maybe",IF(G6>80,"No"))) -> No | T6: S104 | U6: Neha | V6: 20 | W6: MCA | X6: Pune | Y6: 91 | Z6: 96 | AA6: Yes | AB6: Eligible | AC6: No Reminder | AD6: Local | AE6: Minor | AF6: Eligible | AG6: Excellent | AH6: High | AI6: No | AK6: Remove Duplicate | AL6: S105 | AM6: Rahul | AN6: 24 | AO6: MCA | AP6: Nagpur | AQ6: 39 | AR6: 65 | AS6: No | AT6: =IF(AND(AR6>= 75, AS6 = "Yes"),"Eligible","Not Eligible") -> Not Eligible | AU6: =IF(AS6 = "Yes","No Reminder","Send Reminder") -> Send Reminder | AV6: =IF(AP6 = "Pune","Local","Hostel Candidate") -> Hostel Candidate | AW6: =IF(AN6 >= 21, "Adult","Minor") -> Adult | AX6: =IF(AR6>=85,"Eligible", "Not Eligible") -> Not Eligible | AY6: =IF(AR6 >= 90, "Excellent",IF(AR6 >= 80,"Good",IF(AR6 >=70,"Average","Poor"))) -> Poor | AZ6: =IF(AND(AS6 = "Yes", AR6 >= 90),"High",IF(AS6 = "Yes","Medium","Low")) -> Low | BA6: =IF(AR6<=70,"Yes",IF(AR6<=80,"Maybe",IF(AR6>80,"No"))) -> Yes
A7: S105 | B7: Rahul | C7: 24 | D7: MCA | E7: Nagpur | F7: 39 | G7: 65 | H7: No | I7: =IF(AND(G7>= 75, H7 = "Yes"),"Eligible","Not Eligible") -> Not Eligible | J7: =IF(H7 = "Yes","No Reminder","Send Reminder") -> Send Reminder | K7: =IF(E7 = "Pune","Local","Hostel Candidate") -> Hostel Candidate | L7: =IF(C7 >= 21, "Adult","Minor") -> Adult | M7: =IF(G7>=85,"Eligible", "Not Eligible") -> Not Eligible | N7: =IF(G7 >= 90, "Excellent",IF(G7 >= 80,"Good",IF(G7 >=70,"Average","Poor"))) -> Poor | O7: =IF(AND(H7 = "Yes", G7 >= 90),"High",IF(H7 = "Yes","Medium","Low")) -> Low | P7: =IF(G7<=70,"Yes",IF(G7<=80,"Maybe",IF(G7>80,"No"))) -> Yes | T7: S105 | U7: Rahul | V7: 24 | W7: MCA | X7: Nagpur | Y7: 39 | Z7: 65 | AA7: No | AB7: Not Eligible | AC7: Send Reminder | AD7: Hostel Candidate | AE7: Adult | AF7: Not Eligible | AG7: Poor | AH7: Low | AI7: Yes | AK7: Names
A8: S106 | B8: Sneha | C8: 22 | D8: MCA | E8: Mumbai | F8: 66 | G8: 82 | H8: Yes | I8: =IF(AND(G8>= 75, H8 = "Yes"),"Eligible","Not Eligible") -> Eligible | J8: =IF(H8 = "Yes","No Reminder","Send Reminder") -> No Reminder | K8: =IF(E8 = "Pune","Local","Hostel Candidate") -> Hostel Candidate | L8: =IF(C8 >= 21, "Adult","Minor") -> Adult | M8: =IF(G8>=85,"Eligible", "Not Eligible") -> Not Eligible | N8: =IF(G8 >= 90, "Excellent",IF(G8 >= 80,"Good",IF(G8 >=70,"Average","Poor"))) -> Good | O8: =IF(AND(H8 = "Yes", G8 >= 90),"High",IF(H8 = "Yes","Medium","Low")) -> Medium | P8: =IF(G8<=70,"Yes",IF(G8<=80,"Maybe",IF(G8>80,"No"))) -> No | T8: S106 | U8: Sneha | V8: 22 | W8: MCA | X8: Mumbai | Y8: 66 | Z8: 82 | AA8: Yes | AB8: Eligible | AC8: No Reminder | AD8: Hostel Candidate | AE8: Adult | AF8: Not Eligible | AG8: Good | AH8: Medium | AI8: No
A9: S107 | B9: Karan | C9: 23 | D9: MCA | E9: Pune | F9: 58 | G9: 75 | H9: No | I9: =IF(AND(G9>= 75, H9 = "Yes"),"Eligible","Not Eligible") -> Not Eligible | J9: =IF(H9 = "Yes","No Reminder","Send Reminder") -> Send Reminder | K9: =IF(E9 = "Pune","Local","Hostel Candidate") -> Local | L9: =IF(C9 >= 21, "Adult","Minor") -> Adult | M9: =IF(G9>=85,"Eligible", "Not Eligible") -> Not Eligible | N9: =IF(G9 >= 90, "Excellent",IF(G9 >= 80,"Good",IF(G9 >=70,"Average","Poor"))) -> Average | O9: =IF(AND(H9 = "Yes", G9 >= 90),"High",IF(H9 = "Yes","Medium","Low")) -> Low | P9: =IF(G9<=70,"Yes",IF(G9<=80,"Maybe",IF(G9>80,"No"))) -> Maybe | T9: S107 | U9: Karan | V9: 23 | W9: MCA | X9: Pune | Y9: 58 | Z9: 75 | AA9: No | AB9: Not Eligible | AC9: Send Reminder | AD9: Local | AE9: Adult | AF9: Not Eligible | AG9: Average | AH9: Low | AI9: Maybe | AK9: Que 43.
A10: S108 | B10: Pooja | C10: 21 | D10: MCA | E10: Nashik | F10: 73 | G10: 90 | H10: Yes | I10: =IF(AND(G10>= 75, H10 = "Yes"),"Eligible","Not Eligible") -> Eligible | J10: =IF(H10 = "Yes","No Reminder","Send Reminder") -> No Reminder | K10: =IF(E10 = "Pune","Local","Hostel Candidate") -> Hostel Candidate | L10: =IF(C10 >= 21, "Adult","Minor") -> Adult | M10: =IF(G10>=85,"Eligible", "Not Eligible") -> Eligible | N10: =IF(G10 >= 90, "Excellent",IF(G10 >= 80,"Good",IF(G10 >=70,"Average","Poor"))) -> Excellent | O10: =IF(AND(H10 = "Yes", G10 >= 90),"High",IF(H10 = "Yes","Medium","Low")) -> High | P10: =IF(G10<=70,"Yes",IF(G10<=80,"Maybe",IF(G10>80,"No"))) -> No | T10: S108 | U10: Pooja | V10: 21 | W10: MCA | X10: Nashik | Y10: 73 | Z10: 90 | AA10: Yes | AB10: Eligible | AC10: No Reminder | AD10: Hostel Candidate | AE10: Adult | AF10: Eligible | AG10: Excellent | AH10: High | AI10: No | AK10: Remove Duplicate
A11: S109 | B11: Vikas | C11: 24 | D11: MCA | E11: Pune | F11: 81 | G11: 95 | H11: Yes | I11: =IF(AND(G11>= 75, H11 = "Yes"),"Eligible","Not Eligible") -> Eligible | J11: =IF(H11 = "Yes","No Reminder","Send Reminder") -> No Reminder | K11: =IF(E11 = "Pune","Local","Hostel Candidate") -> Local | L11: =IF(C11 >= 21, "Adult","Minor") -> Adult | M11: =IF(G11>=85,"Eligible", "Not Eligible") -> Eligible | N11: =IF(G11 >= 90, "Excellent",IF(G11 >= 80,"Good",IF(G11 >=70,"Average","Poor"))) -> Excellent | O11: =IF(AND(H11 = "Yes", G11 >= 90),"High",IF(H11 = "Yes","Medium","Low")) -> High | P11: =IF(G11<=70,"Yes",IF(G11<=80,"Maybe",IF(G11>80,"No"))) -> No | T11: S109 | U11: Vikas | V11: 24 | W11: MCA | X11: Pune | Y11: 81 | Z11: 95 | AA11: Yes | AB11: Eligible | AC11: No Reminder | AD11: Local | AE11: Adult | AF11: Eligible | AG11: Excellent | AH11: High | AI11: No | AK11: Cities
A12: S110 | B12: Riya | C12: 22 | D12: MCA | E12: Nagpur | F12: 49 | G12: 72 | H12: No | I12: =IF(AND(G12>= 75, H12 = "Yes"),"Eligible","Not Eligible") -> Not Eligible | J12: =IF(H12 = "Yes","No Reminder","Send Reminder") -> Send Reminder | K12: =IF(E12 = "Pune","Local","Hostel Candidate") -> Hostel Candidate | L12: =IF(C12 >= 21, "Adult","Minor") -> Adult | M12: =IF(G12>=85,"Eligible", "Not Eligible") -> Not Eligible | N12: =IF(G12 >= 90, "Excellent",IF(G12 >= 80,"Good",IF(G12 >=70,"Average","Poor"))) -> Average | O12: =IF(AND(H12 = "Yes", G12 >= 90),"High",IF(H12 = "Yes","Medium","Low")) -> Low | P12: =IF(G12<=70,"Yes",IF(G12<=80,"Maybe",IF(G12>80,"No"))) -> Maybe | T12: S110 | U12: Riya | V12: 22 | W12: MCA | X12: Nagpur | Y12: 49 | Z12: 72 | AA12: No | AB12: Not Eligible | AC12: Send Reminder | AD12: Hostel Candidate | AE12: Adult | AF12: Not Eligible | AG12: Average | AH12: Low | AI12: Maybe
A13: S111 | B13: Aman | C13: 21 | D13: MCA | E13: Pune | F13: 85 | G13: 92 | H13: Yes | I13: =IF(AND(G13>= 75, H13 = "Yes"),"Eligible","Not Eligible") -> Eligible | J13: =IF(H13 = "Yes","No Reminder","Send Reminder") -> No Reminder | K13: =IF(E13 = "Pune","Local","Hostel Candidate") -> Local | L13: =IF(C13 >= 21, "Adult","Minor") -> Adult | M13: =IF(G13>=85,"Eligible", "Not Eligible") -> Eligible | N13: =IF(G13 >= 90, "Excellent",IF(G13 >= 80,"Good",IF(G13 >=70,"Average","Poor"))) -> Excellent | O13: =IF(AND(H13 = "Yes", G13 >= 90),"High",IF(H13 = "Yes","Medium","Low")) -> High | P13: =IF(G13<=70,"Yes",IF(G13<=80,"Maybe",IF(G13>80,"No"))) -> No | T13: S111 | U13: Aman | V13: 21 | W13: MCA | X13: Pune | Y13: 85 | Z13: 92 | AA13: Yes | AB13: Eligible | AC13: No Reminder | AD13: Local | AE13: Adult | AF13: Eligible | AG13: Excellent | AH13: High | AI13: No | AK13: Que 44.
A14: S112 | B14: Rahul | C14: 24 | D14: MCA | E14: Nagpur | F14: 39 | G14: 65 | H14: No | I14: =IF(AND(G14>= 75, H14 = "Yes"),"Eligible","Not Eligible") -> Not Eligible | J14: =IF(H14 = "Yes","No Reminder","Send Reminder") -> Send Reminder | K14: =IF(E14 = "Pune","Local","Hostel Candidate") -> Hostel Candidate | L14: =IF(C14 >= 21, "Adult","Minor") -> Adult | M14: =IF(G14>=85,"Eligible", "Not Eligible") -> Not Eligible | N14: =IF(G14 >= 90, "Excellent",IF(G14 >= 80,"Good",IF(G14 >=70,"Average","Poor"))) -> Poor | O14: =IF(AND(H14 = "Yes", G14 >= 90),"High",IF(H14 = "Yes","Medium","Low")) -> Low | P14: =IF(G14<=70,"Yes",IF(G14<=80,"Maybe",IF(G14>80,"No"))) -> Yes | T14: S112 | U14: Rahul | V14: 24 | W14: MCA | X14: Nagpur | Y14: 39 | Z14: 65 | AA14: No | AB14: Not Eligible | AC14: Send Reminder | AD14: Hostel Candidate | AE14: Adult | AF14: Not Eligible | AG14: Poor | AH14: Low | AI14: Yes | AK14: Unique no. of
AK15: records = | AL15: =COUNTA(AL3:AL6) -> 4
A16: Que 1. | D16: Que 6.
A17: No. of | D17: No. of | I17: Que 34. | J17: Que 35. | R17: Que 37.
A18: students = | B18: =COUNTA(A3:A14) -> 12 | D18: students | I18: Attendance above 80% | J18: Fees Pending | T18: Student ID | U18: Name | V18: Age | W18: Course | X18: City | Y18: Marks | Z18: Attendance % | AA18: Fees Paid | AB18: Exam Eligibility | AC18: Fees Reminder | AD18: Hostel Eligibility | AE18: Adult Status | AF18: Placement Training | AG18: Student Category | AH18: Priority Level | AI18: Counselling Required
A19: Que 2. | D19: from Mumbai = | E19: =COUNTIF(E3:E14,"Mumbai") -> 2 | I19: {=_xlfn._xlws.FILTER(B3:B14,G3:G14>80,"No name")} -> Aman | J19: {=_xlfn._xlws.FILTER(B3:B14,H3:H14 = "No")} -> Priya | Q19: Fees Paid | R19: Yes | T19: {=_xlfn._xlws.FILTER(A3:P14,H3:H14=R19,"Not Found")} -> S101 | U19: Aman | V19: 21 | W19: MCA | X19: Pune | Y19: 85 | Z19: 92 | AA19: Yes | AB19: Eligible | AC19: No Reminder | AD19: Local | AE19: Adult | AF19: Eligible | AG19: Excellent | AH19: High | AI19: No
A20: No. of uni- | D20: Que 7. | I20: Rohit | J20: Rahul | T20: S103 | U20: Rohit | V20: 23 | W20: MCA | X20: Nashik | Y20: 78 | Z20: 88 | AA20: Yes | AB20: Eligible | AC20: No Reminder | AD20: Hostel Candidate | AE20: Adult | AF20: Eligible | AG20: Good | AH20: Medium | AI20: No
A21: que cities = | B21: =COUNTA(_xlfn.UNIQUE(E3:E14)) -> 4 | D21: No. of students | I21: Neha | J21: Karan | T21: S104 | U21: Neha | V21: 20 | W21: MCA | X21: Pune | Y21: 91 | Z21: 96 | AA21: Yes | AB21: Eligible | AC21: No Reminder | AD21: Local | AE21: Minor | AF21: Eligible | AG21: Excellent | AH21: High | AI21: No
A22: Que 3. | D22: with above 80% | I22: Sneha | J22: Riya | T22: S106 | U22: Sneha | V22: 22 | W22: MCA | X22: Mumbai | Y22: 66 | Z22: 82 | AA22: Yes | AB22: Eligible | AC22: No Reminder | AD22: Hostel Candidate | AE22: Adult | AF22: Not Eligible | AG22: Good | AH22: Medium | AI22: No
A23: No. of | D23: attendance = | E23: =COUNTIF(G3:G14, "> 80") -> 7 | I23: Pooja | J23: Rahul | T23: S108 | U23: Pooja | V23: 21 | W23: MCA | X23: Nashik | Y23: 73 | Z23: 90 | AA23: Yes | AB23: Eligible | AC23: No Reminder | AD23: Hostel Candidate | AE23: Adult | AF23: Eligible | AG23: Excellent | AH23: High | AI23: No
A24: students | D24: Que 8. | I24: Vikas | T24: S109 | U24: Vikas | V24: 24 | W24: MCA | X24: Pune | Y24: 81 | Z24: 95 | AA24: Yes | AB24: Eligible | AC24: No Reminder | AD24: Local | AE24: Adult | AF24: Eligible | AG24: Excellent | AH24: High | AI24: No
A25: who paid | D25: No. of students | I25: Aman | T25: S111 | U25: Aman | V25: 21 | W25: MCA | X25: Pune | Y25: 85 | Z25: 92 | AA25: Yes | AB25: Eligible | AC25: No Reminder | AD25: Local | AE25: Adult | AF25: Eligible | AG25: Excellent | AH25: High | AI25: No
A26: their fees = | B26: =COUNTIF(H3:H14,"Yes") -> 7 | D26: with age above
A27: Que 4. | D27: 22 = | E27: =COUNTIF(C3:C14,"> 22") -> 5
A28: No. of | D28: Que 9.
A29: students | D29: No. of students
A30: who haven't | D30: who belong to
A31: paid their | D31: MCA course = | E31: =COUNTIF(D3:D14,"MCA") -> 12
A32: fees = | B32: =COUNTIF(H3:H14,"No") -> 5 | D32: Que 10.
A33: Que 5. | D33: Percentage of
A34: No. of | D34: students who
A35: students | D35: paid their fees = | E35: =((7/12)*100)% -> 0.58333333
A36: from Pune = | B36: =COUNTIF(E3:E14,"Pune") -> 5

Sheet Dashboards
A1: Student Management Dashboard
A2: Total Students | B2: Total Local Students | C2: Total Hostel Candidates | D2: Total Fees Paid | E2: Total Fees Pending | F2: Students Eligible for Exam | G2: Students Not Eligible for Exam | H2: Average Attendance | I2: Students Above 22 years
A4: =COUNTA(Student_Data!B3:B14) -> 12 | B4: =COUNTIF(Student_Data!E3:E14,"Pune") -> 5 | C4: =COUNTIF(Student_Data!K3:K14,"Hostel Candidate") -> 7 | D4: =COUNTIF(Student_Data!H3:H14,"Yes") -> 7 | E4: =COUNTIF(Student_Data!H3:H14,"No") -> 5 | F4: =COUNTIF(Student_Data!I3:I14,"Eligible") -> 7 | G4: =COUNTIF(Student_Data!I3:I14,"Not Eligible") -> 5 | H4: =AVERAGE(Student_Data!G3:G14)/100 -> 0.81833333 | I4: =COUNTIF(Student_Data!C3:C14,">22") -> 5
A8: Cities | B8: No. of Students
A9: Pune | B9: =COUNTIF(Student_Data!E3:E14,"Pune") -> 5
A10: Mumbai | B10: =COUNTIF(Student_Data!E4:E15,"Mumbai") -> 2
A11: Nashik | B11: =COUNTIF(Student_Data!E5:E16,"Nashik") -> 2
A12: Nagpur | B12: =COUNTIF(Student_Data!E6:E17,"Pune") -> 4
